"ლ_101.jpg","ყ"
"ლ_102.jpg","ყ"
"ლ_1026_ლ_git.jpg","ყ"
"ლ_103.jpg","ყ"
"ლ_1038_ლ_git.jpg","ყ"
"ლ_105.jpg","ყ"
"ლ_106.jpg","ყ"
"ლ_1070_ლ_git.jpg","ყ"
"ლ_108_ლ_git.jpg","ყ"
"ლ_110.jpg","ყ"
"ლ_1112_ლ_git.jpg","ყ"
"ლ_1118_ლ_git.jpg","ყ"
"ლ_112.jpg","ყ"
"ლ_1139_ლ_git.jpg","ყ"
"ლ_114.jpg","ყ"
"ლ_1158_ლ_git.jpg","ყ"
"ლ_116.jpg","ყ"
"ლ_117.jpg","ყ"
"ლ_1205_ლ_git.jpg","ყ"
"ლ_122.jpg","ყ"
"ლ_1223_ლ_git.jpg","ყ"
"ლ_123.jpg","ყ"
"ლ_1248_ლ_git.jpg","ყ"
"ლ_1264_ლ_git.jpg","ყ"
"ლ_1289_ლ_git.jpg","ყ"
"ლ_129.jpg","ყ"
"ლ_131.jpg","ყ"
"ლ_1311_ლ_git.jpg","ყ"
"ლ_132.jpg","ყ"
"ლ_1321_ლ_git.jpg","ყ"
"ლ_133.jpg","ყ"
"ლ_1335_ლ_git.jpg","ყ"
"ლ_1352_ლ_git.jpg","ყ"
"ლ_1372_ლ_git.jpg","ყ"
"ლ_1390_ლ_git.jpg","ყ"
"ლ_1407_ლ_git.jpg","ყ"
"ლ_141_ლ_git.jpg","ყ"
"ლ_1445_ლ_git.jpg","ყ"
"ლ_1500_ლ_git.jpg","ყ"
"ლ_1521_ლ_git.jpg","ყ"
"ლ_1527_ლ_git.jpg","ყ"
"ლ_152_ლ_git.jpg","ყ"
"ლ_153.jpg","ყ"
"ლ_154.jpg","ყ"
"ლ_1541_ლ_git.jpg","ყ"
"ლ_155.jpg","ყ"
"ლ_156.jpg","ყ"
"ლ_157.jpg","ყ"
"ლ_166_ლ_git.jpg","ყ"
"ლ_175.jpg","ყ"
"ლ_257_ლ_git.jpg","ყ"
"ლ_320_ლ_git.jpg","ყ"
"ლ_349_ლ_git.jpg","ყ"
"ლ_362_ლ_git.jpg","ყ"
"ლ_378_ლ_git.jpg","ყ"
"ლ_389_ლ_git.jpg","ყ"
"ლ_406_ლ_git.jpg","ყ"
"ლ_417_ლ_git.jpg","ყ"
"ლ_424_ლ_git.jpg","ყ"
"ლ_443_ლ_git.jpg","ყ"
"ლ_44_ლ_git.jpg","ყ"
"ლ_466_ლ_git.jpg","ყ"
"ლ_577_ლ_git.jpg","ყ"
"ლ_57_ლ_git.jpg","ყ"
"ლ_582_ლ_git.jpg","ყ"
"ლ_60_ლ_git.jpg","ყ"
"ლ_611_ლ_git.jpg","ყ"
"ლ_620_ლ_git.jpg","ყ"
"ლ_656_ლ_git.jpg","ყ"
"ლ_681_ლ_git.jpg","ყ"
"ლ_72_ლ_git.jpg","ყ"
"ლ_742_ლ_git.jpg","ყ"
"ლ_754_ლ_git.jpg","ყ"
"ლ_794_ლ_git.jpg","ყ"
"ლ_816_ლ_git.jpg","ყ"
"ლ_847_ლ_git.jpg","ყ"
"ლ_849_ლ_git.jpg","ყ"
"ლ_876_ლ_git.jpg","ყ"
"ლ_89.jpg","ყ"
"ლ_899_ლ_git.jpg","ყ"
"ლ_90.jpg","ყ"
"ლ_901_ლ_git.jpg","ყ"
"ლ_90_ლ_git.jpg","ყ"
"ლ_91.jpg","ყ"
"ლ_915_ლ_git.jpg","ყ"
"ლ_92.jpg","ყ"
"ლ_922_ლ_git.jpg","ყ"
"ლ_929_ლ_git.jpg","ყ"
"ლ_931_ლ_git.jpg","ყ"
"ლ_945_ლ_git.jpg","ყ"
"ლ_947_ლ_git.jpg","ყ"
"ლ_956_ლ_git.jpg","ყ"
"ლ_96.jpg","ყ"
"ლ_966_ლ_git.jpg","ყ"
"ლ_98.jpg","ყ"
"ლ_982_ლ_git.jpg","ყ"
"ლ_987_ლ_git.jpg","ყ"
"ლ_989_ლ_git.jpg","ყ"
"ლ_99_ლ_git.jpg","ყ"
"მ_0.jpg","ყ"
"მ_1.jpg","ყ"
"მ_10.jpg","ყ"
"მ_11.jpg","ყ"
"მ_12.jpg","ყ"
"მ_13.jpg","ყ"
"მ_14.jpg","ყ"
"მ_15.jpg","ყ"
"მ_16.jpg","ყ"
"მ_17.jpg","ყ"
"მ_18.jpg","ყ"
"მ_19.jpg","ყ"
"მ_2.jpg","ყ"
"მ_20.jpg","ყ"
"მ_20_მ_git.jpg","ყ"
"მ_21.jpg","ყ"
"მ_22.jpg","ყ"
"მ_23.jpg","ყ"
"მ_24.jpg","ყ"
"მ_25.jpg","ყ"
"მ_26.jpg","ყ"
"მ_27.jpg","ყ"
"მ_28.jpg","ყ"
"მ_29.jpg","ყ"
"მ_3.jpg","ყ"
"მ_30.jpg","ყ"
"მ_31.jpg","ყ"
"მ_32.jpg","ყ"
"მ_33.jpg","ყ"
"მ_34.jpg","ყ"
"მ_35.jpg","ყ"
"მ_36.jpg","ყ"
"მ_37.jpg","ყ"
"მ_38.jpg","ყ"
"მ_39.jpg","ყ"
"მ_4.jpg","ყ"
"მ_40.jpg","ყ"
"მ_40_მ_git.jpg","ყ"
"მ_41.jpg","ყ"
"მ_42.jpg","ყ"
"მ_43.jpg","ყ"
"მ_44.jpg","ყ"
"მ_45.jpg","ყ"
"მ_46.jpg","ყ"
"მ_47.jpg","ყ"
"მ_48.jpg","ყ"
"მ_49.jpg","ყ"
"მ_5.jpg","ყ"
"მ_50.jpg","ყ"
"მ_51.jpg","ყ"
"მ_52.jpg","ყ"
"მ_52_მ_git.jpg","ყ"
"მ_53.jpg","ყ"
"მ_54.jpg","ყ"
"მ_55.jpg","ყ"
"მ_56.jpg","ყ"
"მ_57.jpg","ყ"
"მ_58.jpg","ყ"
"მ_59.jpg","ყ"
"მ_6.jpg","ყ"
"მ_60.jpg","ყ"
"მ_61.jpg","ყ"
"მ_62.jpg","ყ"
"მ_63.jpg","ყ"
"მ_64.jpg","ყ"
"მ_65.jpg","ყ"
"მ_66.jpg","ყ"
"მ_67.jpg","ყ"
"მ_67_მ_git.jpg","ყ"
"მ_68.jpg","ყ"
"მ_69.jpg","ყ"
"მ_7.jpg","ყ"
"მ_70.jpg","ყ"
"მ_71.jpg","ყ"
"მ_72.jpg","ყ"
"მ_8.jpg","ყ"
"მ_9.jpg","ყ"
"ს_10_ს_git.jpg","ყ"
"ს_13_ს_git.jpg","ყ"
"ს_160_ს_git.jpg","ყ"
"ს_162_ს_git.jpg","ყ"
"ს_179_ს_git.jpg","ყ"
"ს_181_ს_git.jpg","ყ"
"ს_183_ს_git.jpg","ყ"
"ს_187.jpg","ყ"
"ს_188.jpg","ყ"
"ს_189.jpg","ყ"
"ს_190.jpg","ყ"
"ს_191.jpg","ყ"
"ს_192.jpg","ყ"
"ს_193.jpg","ყ"
"ს_194.jpg","ყ"
"ს_195.jpg","ყ"
"ს_196.jpg","ყ"
"ს_197.jpg","ყ"
"ს_198.jpg","ყ"
"ს_199.jpg","ყ"
"ს_200.jpg","ყ"
"ს_201.jpg","ყ"
"ს_202.jpg","ყ"
"ს_203.jpg","ყ"
"ს_204.jpg","ყ"
"ს_205.jpg","ყ"
"ს_206.jpg","ყ"
"ს_207.jpg","ყ"
"ს_208.jpg","ყ"
"ს_208_ს_git.jpg","ყ"
"ს_209.jpg","ყ"
"ს_210.jpg","ყ"
"ს_211.jpg","ყ"
"ს_212.jpg","ყ"
"ს_213.jpg","ყ"
"ს_214.jpg","ყ"
"ს_215.jpg","ყ"
"ს_216.jpg","ყ"
"ს_216_ს_git.jpg","ყ"
"ს_217.jpg","ყ"
"ს_218.jpg","ყ"
"ს_219.jpg","ყ"
"ს_220.jpg","ყ"
"ს_220_ს_git.jpg","ყ"
"ს_221.jpg","ყ"
"ს_222.jpg","ყ"
"ს_223.jpg","ყ"
"ს_224.jpg","ყ"
"ს_225.jpg","ყ"
"ს_226.jpg","ყ"
"ს_227.jpg","ყ"
"ს_228.jpg","ყ"
"ს_229.jpg","ყ"
"ს_230.jpg","ყ"
"ს_231.jpg","ყ"
"ს_232.jpg","ყ"
"ს_233.jpg","ყ"
"ს_234.jpg","ყ"
"ს_235.jpg","ყ"
"ს_236.jpg","ყ"
"ს_237.jpg","ყ"
"ს_238.jpg","ყ"
"ს_239.jpg","ყ"
"ს_28_ს_git.jpg","ყ"
"ს_33_ს_git.jpg","ყ"
"ს_84_ს_git.jpg","ყ"
"უ_0.jpg","ყ"
"უ_1.jpg","ყ"
"უ_10.jpg","ყ"
"უ_11.jpg","ყ"
"უ_12.jpg","ყ"
"უ_13.jpg","ყ"
"უ_14.jpg","ყ"
"უ_15.jpg","ყ"
"უ_16.jpg","ყ"
"უ_17.jpg","ყ"
"უ_18.jpg","ყ"
"უ_19.jpg","ყ"
"უ_2.jpg","ყ"
"უ_20.jpg","ყ"
"უ_21.jpg","ყ"
"უ_22.jpg","ყ"
"უ_23.jpg","ყ"
"უ_24.jpg","ყ"
"უ_25.jpg","ყ"
"უ_26.jpg","ყ"
"უ_27.jpg","ყ"
"უ_28.jpg","ყ"
"უ_29.jpg","ყ"
"უ_3.jpg","ყ"
"უ_30.jpg","ყ"
"უ_31.jpg","ყ"
"უ_32.jpg","ყ"
"უ_33.jpg","ყ"
"უ_34.jpg","ყ"
"უ_35.jpg","ყ"
"უ_36.jpg","ყ"
"უ_37.jpg","ყ"
"უ_38.jpg","ყ"
"უ_39.jpg","ყ"
"უ_4.jpg","ყ"
"უ_40.jpg","ყ"
"უ_41.jpg","ყ"
"უ_42.jpg","ყ"
"უ_43.jpg","ყ"
"უ_44.jpg","ყ"
"უ_45.jpg","ყ"
"უ_46.jpg","ყ"
"უ_47.jpg","ყ"
"უ_47_უ_git.jpg","ყ"
"უ_48.jpg","ყ"
"უ_49.jpg","ყ"
"უ_50.jpg","ყ"
"უ_51.jpg","ყ"
"უ_52.jpg","ყ"
"უ_53.jpg","ყ"
"უ_54.jpg","ყ"
"უ_55.jpg","ყ"
"უ_56.jpg","ყ"
"უ_57.jpg","ყ"
"უ_58.jpg","ყ"
"უ_59.jpg","ყ"
"უ_6.jpg","ყ"
"უ_60.jpg","ყ"
"უ_61.jpg","ყ"
"უ_62.jpg","ყ"
"უ_63.jpg","ყ"
"უ_64.jpg","ყ"
"უ_65.jpg","ყ"
"უ_66.jpg","ყ"
"უ_67.jpg","ყ"
"უ_68.jpg","ყ"
"უ_69.jpg","ყ"
"უ_7.jpg","ყ"
"უ_70.jpg","ყ"
"უ_71.jpg","ყ"
"უ_72.jpg","ყ"
"უ_73.jpg","ყ"
"უ_74.jpg","ყ"
"უ_75.jpg","ყ"
"უ_76.jpg","ყ"
"უ_77.jpg","ყ"
"უ_9.jpg","ყ"
"ყ_100.jpg","ყ"
"ყ_101.jpg","ყ"
"ყ_103.jpg","ყ"
"ყ_104.jpg","ყ"
"ყ_105.jpg","ყ"
"ყ_106.jpg","ყ"
"ყ_107.jpg","ყ"
"ყ_108.jpg","ყ"
"ყ_109.jpg","ყ"
"ყ_110.jpg","ყ"
"ყ_111.jpg","ყ"
"ყ_112.jpg","ყ"
"ყ_113.jpg","ყ"
"ყ_114.jpg","ყ"
"ყ_116.jpg","ყ"
"ყ_117.jpg","ყ"
"ყ_118.jpg","ყ"
"ყ_119.jpg","ყ"
"ყ_120.jpg","ყ"
"ყ_121.jpg","ყ"
"ყ_122.jpg","ყ"
"ყ_123.jpg","ყ"
"ყ_124.jpg","ყ"
"ყ_125.jpg","ყ"
"ყ_126.jpg","ყ"
"ყ_127.jpg","ყ"
"ყ_128.jpg","ყ"
"ყ_129.jpg","ყ"
"ყ_130.jpg","ყ"
"ყ_131.jpg","ყ"
"ყ_132.jpg","ყ"
"ყ_133.jpg","ყ"
"ყ_134.jpg","ყ"
"ყ_135.jpg","ყ"
"ყ_136.jpg","ყ"
"ყ_137.jpg","ყ"
"ყ_138.jpg","ყ"
"ყ_140.jpg","ყ"
"ყ_141.jpg","ყ"
"ყ_142.jpg","ყ"
"ყ_143.jpg","ყ"
"ყ_144.jpg","ყ"
"ყ_145.jpg","ყ"
"ყ_146.jpg","ყ"
"ყ_147.jpg","ყ"
"ყ_148.jpg","ყ"
"ყ_149.jpg","ყ"
"ყ_150.jpg","ყ"
"ყ_151.jpg","ყ"
"ყ_151_ყ_git.jpg","ყ"
"ყ_152.jpg","ყ"
"ყ_153.jpg","ყ"
"ყ_154.jpg","ყ"
"ყ_155.jpg","ყ"
"ყ_156.jpg","ყ"
"ყ_157.jpg","ყ"
"ყ_158.jpg","ყ"
"ყ_159.jpg","ყ"
"ყ_160.jpg","ყ"
"ყ_161.jpg","ყ"
"ყ_162.jpg","ყ"
"ყ_163.jpg","ყ"
"ყ_164.jpg","ყ"
"ყ_165.jpg","ყ"
"ყ_166.jpg","ყ"
"ყ_167.jpg","ყ"
"ყ_168.jpg","ყ"
"ყ_169.jpg","ყ"
"ყ_170.jpg","ყ"
"ყ_173.jpg","ყ"
"ყ_174.jpg","ყ"
"ყ_175.jpg","ყ"
"ყ_176.jpg","ყ"
"ყ_177.jpg","ყ"
"ყ_178.jpg","ყ"
"ყ_179.jpg","ყ"
"ყ_184.jpg","ყ"
"ყ_185.jpg","ყ"
"ყ_186.jpg","ყ"
"ყ_188.jpg","ყ"
"ყ_192.jpg","ყ"
"ყ_264_ყ_git.jpg","ყ"
"ყ_290_ყ_git.jpg","ყ"
"ყ_2_ყ_git.jpg","ყ"
"ყ_573_ყ_git.jpg","ყ"
"ყ_75_ყ_git.jpg","ყ"
"ყ_97_ყ_git.jpg","ყ"
"ყ_99.jpg","ყ"
"შ_1244_შ_git.jpg","ყ"
"შ_1409_შ_git.jpg","ყ"
"შ_1599_შ_git.jpg","ყ"
"შ_1770_შ_git.jpg","ყ"
"შ_2058_შ_git.jpg","ყ"
"შ_2115_შ_git.jpg","ყ"
"შ_2190_შ_git.jpg","ყ"
"შ_2275_შ_git.jpg","ყ"
"შ_2313_შ_git.jpg","ყ"
"შ_2529_შ_git.jpg","ყ"
"შ_2896_შ_git.jpg","ყ"
"შ_30.jpg","ყ"
"შ_32.jpg","ყ"
"შ_3440_შ_git.jpg","ყ"
"შ_3473.jpg","ყ"
"შ_3474.jpg","ყ"
"შ_3475.jpg","ყ"
"შ_35.jpg","ყ"
"შ_36.jpg","ყ"
"შ_38.jpg","ყ"
"შ_39.jpg","ყ"
"შ_40.jpg","ყ"
"შ_41.jpg","ყ"
"შ_44.jpg","ყ"
"შ_45.jpg","ყ"
"შ_46.jpg","ყ"
"შ_47.jpg","ყ"
"შ_53.jpg","ყ"
"შ_55.jpg","ყ"
"შ_59.jpg","ყ"
"შ_60.jpg","ყ"
"შ_61.jpg","ყ"
"შ_62.jpg","ყ"
"შ_62_შ_git.jpg","ყ"
"შ_63.jpg","ყ"
"შ_64.jpg","ყ"
"შ_65.jpg","ყ"
"შ_66.jpg","ყ"
"შ_67.jpg","ყ"
"შ_68.jpg","ყ"
"შ_69.jpg","ყ"
"შ_70.jpg","ყ"
"შ_71.jpg","ყ"
"შ_72.jpg","ყ"
"შ_73.jpg","ყ"
"შ_74.jpg","ყ"
"შ_75.jpg","ყ"
"შ_76.jpg","ყ"
"შ_77.jpg","ყ"
"შ_78.jpg","ყ"
"შ_784_შ_git.jpg","ყ"
"შ_79.jpg","ყ"
"შ_80.jpg","ყ"
"შ_81.jpg","ყ"
"შ_87.jpg","ყ"
"შ_88.jpg","ყ"
"შ_885_შ_git.jpg","ყ"
"შ_89.jpg","ყ"
"შ_90.jpg","ყ"
"შ_91.jpg","ყ"
"შ_92.jpg","ყ"
"შ_94.jpg","ყ"
"შ_96.jpg","ყ"
"შ_97.jpg","ყ"
"შ_974_შ_git.jpg","ყ"
"შ_98.jpg","ყ"
"ჩ_0.jpg","ყ"
"ჩ_1.jpg","ყ"
"ჩ_10.jpg","ყ"
"ჩ_11.jpg","ყ"
"ჩ_1143_ჩ_git.jpg","ყ"
"ჩ_12.jpg","ყ"
"ჩ_1216_ჩ_git.jpg","ყ"
"ჩ_13.jpg","ყ"
"ჩ_14.jpg","ყ"
"ჩ_15.jpg","ყ"
"ჩ_16.jpg","ყ"
"ჩ_17.jpg","ყ"
"ჩ_18.jpg","ყ"
"ჩ_19.jpg","ყ"
"ჩ_2.jpg","ყ"
"ჩ_2041_ჩ_git.jpg","ყ"
"ჩ_2076_ჩ_git.jpg","ყ"
"ჩ_21.jpg","ყ"
"ჩ_22.jpg","ყ"
"ჩ_23.jpg","ყ"
"ჩ_25.jpg","ყ"
"ჩ_26.jpg","ყ"
"ჩ_27.jpg","ყ"
"ჩ_28.jpg","ყ"
"ჩ_29.jpg","ყ"
"ჩ_3.jpg","ყ"
"ჩ_30.jpg","ყ"
"ჩ_31.jpg","ყ"
"ჩ_32.jpg","ყ"
"ჩ_33.jpg","ყ"
"ჩ_34.jpg","ყ"
"ჩ_35.jpg","ყ"
"ჩ_36.jpg","ყ"
"ჩ_37.jpg","ყ"
"ჩ_38.jpg","ყ"
"ჩ_39.jpg","ყ"
"ჩ_4.jpg","ყ"
"ჩ_40.jpg","ყ"
"ჩ_41.jpg","ყ"
"ჩ_42.jpg","ყ"
"ჩ_428_ჩ_git.jpg","ყ"
"ჩ_43.jpg","ყ"
"ჩ_44.jpg","ყ"
"ჩ_45.jpg","ყ"
"ჩ_46.jpg","ყ"
"ჩ_47.jpg","ყ"
"ჩ_48.jpg","ყ"
"ჩ_49.jpg","ყ"
"ჩ_5.jpg","ყ"
"ჩ_51.jpg","ყ"
"ჩ_52.jpg","ყ"
"ჩ_54.jpg","ყ"
"ჩ_55.jpg","ყ"
"ჩ_56.jpg","ყ"
"ჩ_57.jpg","ყ"
"ჩ_58.jpg","ყ"
"ჩ_59.jpg","ყ"
"ჩ_6.jpg","ყ"
"ჩ_60.jpg","ყ"
"ჩ_61.jpg","ყ"
"ჩ_62.jpg","ყ"
"ჩ_63.jpg","ყ"
"ჩ_64.jpg","ყ"
"ჩ_65.jpg","ყ"
"ჩ_66.jpg","ყ"
"ჩ_67.jpg","ყ"
"ჩ_68.jpg","ყ"
"ჩ_69.jpg","ყ"
"ჩ_7.jpg","ყ"
"ჩ_70.jpg","ყ"
"ჩ_71.jpg","ყ"
"ჩ_72.jpg","ყ"
"ჩ_73.jpg","ყ"
"ჩ_74.jpg","ყ"
"ჩ_75.jpg","ყ"
"ჩ_8.jpg","ყ"
"ჩ_9.jpg","ყ"
"ძ_0.jpg","ყ"
"ძ_1.jpg","ყ"
"ძ_10.jpg","ყ"
"ძ_11.jpg","ყ"
"ძ_12.jpg","ყ"
"ძ_13.jpg","ყ"
"ძ_14.jpg","ყ"
"ძ_15.jpg","ყ"
"ძ_16.jpg","ყ"
"ძ_17.jpg","ყ"
"ძ_19.jpg","ყ"
"ძ_2.jpg","ყ"
"ძ_20.jpg","ყ"
"ძ_21.jpg","ყ"
"ძ_22.jpg","ყ"
"ძ_23.jpg","ყ"
"ძ_24.jpg","ყ"
"ძ_25.jpg","ყ"
"ძ_26.jpg","ყ"
"ძ_27.jpg","ყ"
"ძ_28.jpg","ყ"
"ძ_29.jpg","ყ"
"ძ_3.jpg","ყ"
"ძ_30.jpg","ყ"
"ძ_31.jpg","ყ"
"ძ_32.jpg","ყ"
"ძ_33.jpg","ყ"
"ძ_34.jpg","ყ"
"ძ_35.jpg","ყ"
"ძ_36.jpg","ყ"
"ძ_37.jpg","ყ"
"ძ_38.jpg","ყ"
"ძ_39.jpg","ყ"
"ძ_4.jpg","ყ"
"ძ_40.jpg","ყ"
"ძ_41.jpg","ყ"
"ძ_42.jpg","ყ"
"ძ_43.jpg","ყ"
"ძ_44.jpg","ყ"
"ძ_45.jpg","ყ"
"ძ_46.jpg","ყ"
"ძ_47.jpg","ყ"
"ძ_48.jpg","ყ"
"ძ_49.jpg","ყ"
"ძ_5.jpg","ყ"
"ძ_50.jpg","ყ"
"ძ_51.jpg","ყ"
"ძ_52.jpg","ყ"
"ძ_53.jpg","ყ"
"ძ_54.jpg","ყ"
"ძ_55.jpg","ყ"
"ძ_56.jpg","ყ"
"ძ_57.jpg","ყ"
"ძ_59.jpg","ყ"
"ძ_6.jpg","ყ"
"ძ_60.jpg","ყ"
"ძ_61.jpg","ყ"
"ძ_62.jpg","ყ"
"ძ_63.jpg","ყ"
"ძ_64.jpg","ყ"
"ძ_65.jpg","ყ"
"ძ_66.jpg","ყ"
"ძ_67.jpg","ყ"
"ძ_68.jpg","ყ"
"ძ_69.jpg","ყ"
"ძ_7.jpg","ყ"
"ძ_70.jpg","ყ"
"ძ_71.jpg","ყ"
"ძ_72.jpg","ყ"
"ძ_73.jpg","ყ"
"ძ_74.jpg","ყ"
"ძ_75.jpg","ყ"
"ძ_76.jpg","ყ"
"ძ_78.jpg","ყ"
"ძ_79.jpg","ყ"
"ძ_8.jpg","ყ"
"ძ_9.jpg","ყ"
"წ_1.jpg","ყ"
"წ_10.jpg","ყ"
"წ_11.jpg","ყ"
"წ_1135_წ_git.jpg","ყ"
"წ_12.jpg","ყ"
"წ_13.jpg","ყ"
"წ_150_წ_git.jpg","ყ"
"წ_1529_წ_git.jpg","ყ"
"წ_16.jpg","ყ"
"წ_1651_წ_git.jpg","ყ"
"წ_19.jpg","ყ"
"წ_1939_წ_git.jpg","ყ"
"წ_1942_წ_git.jpg","ყ"
"წ_2.jpg","ყ"
"წ_2086_წ_git.jpg","ყ"
"წ_21.jpg","ყ"
"წ_2167_წ_git.jpg","ყ"
"წ_222_წ_git.jpg","ყ"
"წ_2409_წ_git.jpg","ყ"
"წ_2418_წ_git.jpg","ყ"
"წ_2477_წ_git.jpg","ყ"
"წ_2500_წ_git.jpg","ყ"
"წ_2524_წ_git.jpg","ყ"
"წ_2567_წ_git.jpg","ყ"
"წ_26.jpg","ყ"
"წ_2633_წ_git.jpg","ყ"
"წ_263_წ_git.jpg","ყ"
"წ_27.jpg","ყ"
"წ_2779_წ_git.jpg","ყ"
"წ_28.jpg","ყ"
"წ_2859_წ_git.jpg","ყ"
"წ_2882_წ_git.jpg","ყ"
"წ_2889_წ_git.jpg","ყ"
"წ_289_წ_git.jpg","ყ"
"წ_2907_წ_git.jpg","ყ"
"წ_3020_წ_git.jpg","ყ"
"წ_3042_წ_git.jpg","ყ"
"წ_3068_წ_git.jpg","ყ"
"წ_3100_წ_git.jpg","ყ"
"წ_33.jpg","ყ"
"წ_3367_წ_git.jpg","ყ"
"წ_34.jpg","ყ"
"წ_3427.jpg","ყ"
"წ_3428.jpg","ყ"
"წ_35.jpg","ყ"
"წ_36.jpg","ყ"
"წ_38.jpg","ყ"
"წ_39.jpg","ყ"
"წ_4.jpg","ყ"
"წ_40.jpg","ყ"
"წ_41.jpg","ყ"
"წ_44.jpg","ყ"
"წ_445_წ_git.jpg","ყ"
"წ_45.jpg","ყ"
"წ_462_წ_git.jpg","ყ"
"წ_47.jpg","ყ"
"წ_49.jpg","ყ"
"წ_5.jpg","ყ"
"წ_53.jpg","ყ"
"წ_54.jpg","ყ"
"წ_55.jpg","ყ"
"წ_57.jpg","ყ"
"წ_58.jpg","ყ"
"წ_6.jpg","ყ"
"წ_60.jpg","ყ"
"წ_61.jpg","ყ"
"წ_63.jpg","ყ"
"წ_68.jpg","ყ"
"წ_7.jpg","ყ"
"წ_737_წ_git.jpg","ყ"
"წ_799_წ_git.jpg","ყ"
"წ_8.jpg","ყ"
"წ_802_წ_git.jpg","ყ"
"წ_9.jpg","ყ"
"წ_927_წ_git.jpg","ყ"
"წ_943_წ_git.jpg","ყ"
"წ_96_წ_git.jpg","ყ"
"ხ_0.jpg","ყ"
"ხ_1.jpg","ყ"
"ხ_10.jpg","ყ"
"ხ_11.jpg","ყ"
"ხ_12.jpg","ყ"
"ხ_13.jpg","ყ"
"ხ_14.jpg","ყ"
"ხ_15.jpg","ყ"
"ხ_16.jpg","ყ"
"ხ_17.jpg","ყ"
"ხ_18.jpg","ყ"
"ხ_19.jpg","ყ"
"ხ_2.jpg","ყ"
"ხ_20.jpg","ყ"
"ხ_21.jpg","ყ"
"ხ_22.jpg","ყ"
"ხ_23.jpg","ყ"
"ხ_24.jpg","ყ"
"ხ_25.jpg","ყ"
"ხ_26.jpg","ყ"
"ხ_27.jpg","ყ"
"ხ_28.jpg","ყ"
"ხ_29.jpg","ყ"
"ხ_3.jpg","ყ"
"ხ_30.jpg","ყ"
"ხ_31.jpg","ყ"
"ხ_32.jpg","ყ"
"ხ_33.jpg","ყ"
"ხ_34.jpg","ყ"
"ხ_35.jpg","ყ"
"ხ_36.jpg","ყ"
"ხ_37.jpg","ყ"
"ხ_38.jpg","ყ"
"ხ_39.jpg","ყ"
"ხ_4.jpg","ყ"
"ხ_40.jpg","ყ"
"ხ_41.jpg","ყ"
"ხ_42.jpg","ყ"
"ხ_43.jpg","ყ"
"ხ_44.jpg","ყ"
"ხ_45.jpg","ყ"
"ხ_46.jpg","ყ"
"ხ_47.jpg","ყ"
"ხ_48.jpg","ყ"
"ხ_48_ხ_git.jpg","ყ"
"ხ_49.jpg","ყ"
"ხ_5.jpg","ყ"
"ხ_50.jpg","ყ"
"ხ_51.jpg","ყ"
"ხ_52.jpg","ყ"
"ხ_53.jpg","ყ"
"ხ_54.jpg","ყ"
"ხ_55.jpg","ყ"
"ხ_56.jpg","ყ"
"ხ_57.jpg","ყ"
"ხ_58.jpg","ყ"
"ხ_59.jpg","ყ"
"ხ_6.jpg","ყ"
"ხ_60.jpg","ყ"
"ხ_61.jpg","ყ"
"ხ_62.jpg","ყ"
"ხ_63.jpg","ყ"
"ხ_64.jpg","ყ"
"ხ_65.jpg","ყ"
"ხ_66.jpg","ყ"
"ხ_67.jpg","ყ"
"ხ_68.jpg","ყ"
"ხ_69.jpg","ყ"
"ხ_7.jpg","ყ"
"ხ_70.jpg","ყ"
"ხ_71.jpg","ყ"
"ხ_72.jpg","ყ"
"ხ_73.jpg","ყ"
"ხ_74.jpg","ყ"
"ხ_75.jpg","ყ"
"ხ_8.jpg","ყ"
"ხ_9.jpg","ყ"
